{"cameraMode":{"drawMode":0,"name":"Shaded","section":"Shading Mode"},"sceneLighting":false,"audioPlay":false,"sceneViewState":{"m_AlwaysRefresh":false,"showFog":true,"showSkybox":false,"showFlares":true,"showImageEffects":true,"showParticleSystems":true,"showVisualEffectGraphs":true,"m_FxEnabled":true},"in2DMode":false,"pivot":{"x":2.4701988697052,"y":1.3211941719055176,"z":-0.24138090014457704},"rotation":{"x":0.022487958893179895,"y":0.02998785674571991,"z":-0.0006748230662196875,"w":0.9992970824241638},"size":4.675929546356201,"orthographic":false}